alfalfa,http://www.thefoodcoach.com.au/img/food/4.jpg
allspice,http://www.thefoodcoach.com.au/img/food/412.jpg
almonds,http://www.thefoodcoach.com.au/img/food/5.jpg
anchovies,http://www.thefoodcoach.com.au/img/food/251.jpg
aniseed,http://www.thefoodcoach.com.au/img/food/6.jpg
annatto seed,http://www.thefoodcoach.com.au/img/food/415.jpg
apples,http://www.thefoodcoach.com.au/img/food/595.jpg
apricots,http://www.thefoodcoach.com.au/img/food/3.jpg
arame,http://www.thefoodcoach.com.au/img/food/445.jpg
arrowroot,http://www.thefoodcoach.com.au/img/food/511.jpg
artichoke,http://www.thefoodcoach.com.au/img/food/7.jpg
arugula,http://www.thefoodcoach.com.au/img/food/440.jpg
asafoetida,http://www.thefoodcoach.com.au/img/food/416.jpg
asian greens,http://www.thefoodcoach.com.au/img/food/521.jpg
asparagus,http://www.thefoodcoach.com.au/img/food/9.jpg
avocado,http://www.thefoodcoach.com.au/img/food/10.jpg
bacon,http://www.thefoodcoach.com.au/img/food/252.jpg
bamboo shoots,http://www.thefoodcoach.com.au/img/food/548.jpg
banana,http://www.thefoodcoach.com.au/img/food/474.jpg
barberry,http://www.thefoodcoach.com.au/img/food/417.jpg
barley,http://www.thefoodcoach.com.au/img/food/12.jpg
barramundi,http://www.thefoodcoach.com.au/img/food/210.jpg
basil,http://www.thefoodcoach.com.au/img/food/383.jpg
bay leaves,http://www.thefoodcoach.com.au/img/food/253.jpg
bean sprouts,http://www.thefoodcoach.com.au/img/food/599.jpg
beans,http://www.thefoodcoach.com.au/img/food/598.jpg
beef,http://www.thefoodcoach.com.au/img/food/256.jpg
beetroot,http://www.thefoodcoach.com.au/img/food/18.jpg
berries,http://www.thefoodcoach.com.au/img/food/571.jpg
black eyed beans,http://www.thefoodcoach.com.au/img/food/335.jpg
black limes,http://www.thefoodcoach.com.au/img/food/421.jpg
blackberries,http://www.thefoodcoach.com.au/img/food/19.jpg
blood oranges,http://www.thefoodcoach.com.au/img/food/663.jpg
blue cheese,http://www.thefoodcoach.com.au/img/food/250.jpg
blueberries,http://www.thefoodcoach.com.au/img/food/266.jpg
bocconcini,http://www.thefoodcoach.com.au/img/food/280.jpg
bok choy,http://www.thefoodcoach.com.au/img/food/8.jpg
bonito flakes,http://www.thefoodcoach.com.au/img/food/343.jpg
borlotti beans,http://www.thefoodcoach.com.au/img/food/336.jpg
bran,http://www.thefoodcoach.com.au/img/food/525.jpg
brazil nut,http://www.thefoodcoach.com.au/img/food/22.jpg
bread,http://www.thefoodcoach.com.au/img/food/262.jpg
brie,http://www.thefoodcoach.com.au/img/food/267.jpg
broccoli,http://www.thefoodcoach.com.au/img/food/23.jpg
broccolini,http://www.thefoodcoach.com.au/img/food/24.jpg
brown rice,http://www.thefoodcoach.com.au/img/food/161.jpg
brussels sprouts,http://www.thefoodcoach.com.au/img/food/25.jpg
buckwheat,http://www.thefoodcoach.com.au/img/food/344.jpg
bulghur,http://www.thefoodcoach.com.au/img/food/345.jpg
bush tomato,http://www.thefoodcoach.com.au/img/food/422.jpg
butter,http://www.thefoodcoach.com.au/img/food/374.jpg
buttermilk,http://www.thefoodcoach.com.au/img/food/491.jpg
butternut lettuce,http://www.thefoodcoach.com.au/img/food/86.jpg
butternut pumpkin,http://www.thefoodcoach.com.au/img/food/671.jpg
cabbage,http://www.thefoodcoach.com.au/img/food/26.jpg
cacao,http://www.thefoodcoach.com.au/img/food/661.jpg
cake,http://www.thefoodcoach.com.au/img/food/631.jpg
calamari,http://www.thefoodcoach.com.au/img/food/447.jpg
camellia tea oil,http://www.thefoodcoach.com.au/img/food/576.jpg
camembert,http://www.thefoodcoach.com.au/img/food/265.jpg
camomile,http://www.thefoodcoach.com.au/img/food/37.jpg
capers,http://www.thefoodcoach.com.au/img/food/518.jpg
capsicum,http://www.thefoodcoach.com.au/img/food/28.jpg
capsicum - red,http://www.thefoodcoach.com.au/img/food/643.jpg
carambola,http://www.thefoodcoach.com.au/img/food/29.jpg
caraway seed,http://www.thefoodcoach.com.au/img/food/424.jpg
cardamom,http://www.thefoodcoach.com.au/img/food/425.jpg
carob,http://www.thefoodcoach.com.au/img/food/494.jpg
carrot,http://www.thefoodcoach.com.au/img/food/30.jpg
cashews,http://www.thefoodcoach.com.au/img/food/31.jpg
cassia bark,http://www.thefoodcoach.com.au/img/food/392.jpg
cauliflower,http://www.thefoodcoach.com.au/img/food/32.jpg
cavalo nero,http://www.thefoodcoach.com.au/img/food/662.jpg
cayenne,http://www.thefoodcoach.com.au/img/food/33.jpg
celeriac,http://www.thefoodcoach.com.au/img/food/34.jpg
celery,http://www.thefoodcoach.com.au/img/food/35.jpg
celery seed,http://www.thefoodcoach.com.au/img/food/36.jpg
cheddar,http://www.thefoodcoach.com.au/img/food/263.jpg
cherries,http://www.thefoodcoach.com.au/img/food/38.jpg
cherry plum,http://www.thefoodcoach.com.au/img/food/672.jpg
chervil,http://www.thefoodcoach.com.au/img/food/282.jpg
chestnut,http://www.thefoodcoach.com.au/img/food/181.jpg
chia seeds,http://www.thefoodcoach.com.au/img/food/593.jpg
chicken,http://www.thefoodcoach.com.au/img/food/283.jpg
chickory,http://www.thefoodcoach.com.au/img/food/399.jpg
chicory,http://www.thefoodcoach.com.au/img/food/399.jpg
chickpea,http://www.thefoodcoach.com.au/img/food/39.jpg
chilli pepper - fresh,http://www.thefoodcoach.com.au/img/food/40.jpg
chinese broccoli,http://www.thefoodcoach.com.au/img/food/382.jpg
chinese cabbage,http://www.thefoodcoach.com.au/img/food/381.jpg
chinese five spice,http://www.thefoodcoach.com.au/img/food/614.jpg
chives,http://www.thefoodcoach.com.au/img/food/41.jpg
chocolate,http://www.thefoodcoach.com.au/img/food/286.jpg
choy sum,http://www.thefoodcoach.com.au/img/food/380.jpg
cinnamon,http://www.thefoodcoach.com.au/img/food/42.jpg
clams,http://www.thefoodcoach.com.au/img/food/553.jpg
cloves,http://www.thefoodcoach.com.au/img/food/43.jpg
cocoa powder,http://www.thefoodcoach.com.au/img/food/543.jpg
coconut,http://www.thefoodcoach.com.au/img/food/44.jpg
coffee,http://www.thefoodcoach.com.au/img/food/644.jpg
corella pear,http://www.thefoodcoach.com.au/img/food/555.jpg
cornichons,http://www.thefoodcoach.com.au/img/food/552.jpg
cornmeal,http://www.thefoodcoach.com.au/img/food/547.jpg
cos lettuce,http://www.thefoodcoach.com.au/img/food/87.jpg
cottage cheese,http://www.thefoodcoach.com.au/img/food/268.jpg
cous cous,http://www.thefoodcoach.com.au/img/food/497.jpg
cover,http://www.thefoodcoach.com.au/img/food/632.jpg
crabs,http://www.thefoodcoach.com.au/img/food/287.jpg
cranberry,http://www.thefoodcoach.com.au/img/food/46.jpg
cream,http://www.thefoodcoach.com.au/img/food/535.jpg
cream cheese,http://www.thefoodcoach.com.au/img/food/270.jpg
creative gourmet raspberries,http://www.thefoodcoach.com.au/img/food/629.jpg
cucumber,http://www.thefoodcoach.com.au/img/food/47.jpg
cumin,http://www.thefoodcoach.com.au/img/food/48.jpg
cumquat,http://www.thefoodcoach.com.au/img/food/49.jpg
currants,http://www.thefoodcoach.com.au/img/food/50.jpg
custard apples,http://www.thefoodcoach.com.au/img/food/52.jpg
daikon,http://www.thefoodcoach.com.au/img/food/55.jpg
dandelion,http://www.thefoodcoach.com.au/img/food/53.jpg
dashi,http://www.thefoodcoach.com.au/img/food/510.jpg
dates,http://www.thefoodcoach.com.au/img/food/54.jpg
dragonfruit,http://www.thefoodcoach.com.au/img/food/667.jpg
dried apricots,http://www.thefoodcoach.com.au/img/food/379.jpg
duck,http://www.thefoodcoach.com.au/img/food/288.jpg
edam,http://www.thefoodcoach.com.au/img/food/271.jpg
edamame,http://www.thefoodcoach.com.au/img/food/394.jpg
eggplant,http://www.thefoodcoach.com.au/img/food/57.jpg
eggs,http://www.thefoodcoach.com.au/img/food/289.jpg
elderberry,http://www.thefoodcoach.com.au/img/food/58.jpg
endive,http://www.thefoodcoach.com.au/img/food/59.jpg
farmed prawns,http://www.thefoodcoach.com.au/img/food/240.jpg
feijoa,http://www.thefoodcoach.com.au/img/food/637.jpg
fennel,http://www.thefoodcoach.com.au/img/food/395.jpg
fenugreek,http://www.thefoodcoach.com.au/img/food/62.jpg
feta,http://www.thefoodcoach.com.au/img/food/272.jpg
figs,http://www.thefoodcoach.com.au/img/food/63.jpg
fingerlime,http://www.thefoodcoach.com.au/img/food/676.jpg
fish sauce,http://www.thefoodcoach.com.au/img/food/514.jpg
flathead,http://www.thefoodcoach.com.au/img/food/64.jpg
flaxseed,http://www.thefoodcoach.com.au/img/food/65.jpg
flounder,http://www.thefoodcoach.com.au/img/food/216.jpg
flour,http://www.thefoodcoach.com.au/img/food/482.jpg
freekeh,http://www.thefoodcoach.com.au/img/food/472.jpg
french eschallots,http://www.thefoodcoach.com.au/img/food/405.jpg
fromage blanc,http://www.thefoodcoach.com.au/img/food/567.jpg
galangal,http://www.thefoodcoach.com.au/img/food/433.jpg
garam masala,http://www.thefoodcoach.com.au/img/food/500.jpg
garlic,http://www.thefoodcoach.com.au/img/food/66.jpg
gem,http://www.thefoodcoach.com.au/img/food/616.jpg
ginger,http://www.thefoodcoach.com.au/img/food/68.jpg
goat cheese,http://www.thefoodcoach.com.au/img/food/264.jpg
goat milk,http://www.thefoodcoach.com.au/img/food/347.jpg
goji berry,http://www.thefoodcoach.com.au/img/food/581.jpg
grapefruit,http://www.thefoodcoach.com.au/img/food/69.jpg
grapes,http://www.thefoodcoach.com.au/img/food/70.jpg
green pepper,http://www.thefoodcoach.com.au/img/food/391.jpg
gruyere,http://www.thefoodcoach.com.au/img/food/274.jpg
guava,http://www.thefoodcoach.com.au/img/food/72.jpg
gula melaka,http://www.thefoodcoach.com.au/img/food/434.jpg
haloumi,http://www.thefoodcoach.com.au/img/food/281.jpg
ham,http://www.thefoodcoach.com.au/img/food/292.jpg
haricot beans,http://www.thefoodcoach.com.au/img/food/73.jpg
harissa,http://www.thefoodcoach.com.au/img/food/539.jpg
hazelnut,http://www.thefoodcoach.com.au/img/food/74.jpg
hijiki,http://www.thefoodcoach.com.au/img/food/506.jpg
hiramasa kingfish,http://www.thefoodcoach.com.au/img/food/565.jpg
hokkien noodles,http://www.thefoodcoach.com.au/img/food/402.jpg
honey,http://www.thefoodcoach.com.au/img/food/75.jpg
horseradish,http://www.thefoodcoach.com.au/img/food/76.jpg
hummus,http://www.thefoodcoach.com.au/img/food/528.jpg
incaberries,http://www.thefoodcoach.com.au/img/food/610.jpg
jarrahdale pumpkin,http://www.thefoodcoach.com.au/img/food/674.jpg
jasmine rice,http://www.thefoodcoach.com.au/img/food/439.jpg
jelly,http://www.thefoodcoach.com.au/img/food/651.jpg
jerusalem artichoke,http://www.thefoodcoach.com.au/img/food/77.jpg
jewfish,http://www.thefoodcoach.com.au/img/food/217.jpg
jicama,http://www.thefoodcoach.com.au/img/food/569.jpg
john dory,http://www.thefoodcoach.com.au/img/food/218.jpg
juicer,http://www.thefoodcoach.com.au/img/food/620.jpg
juniper berries,http://www.thefoodcoach.com.au/img/food/435.jpg
kaffir lime leaves,http://www.thefoodcoach.com.au/img/food/396.jpg
kale,http://www.thefoodcoach.com.au/img/food/78.jpg
kangaroo,http://www.thefoodcoach.com.au/img/food/572.jpg
kecap manis,http://www.thefoodcoach.com.au/img/food/504.jpg
kenchur (kencur),http://www.thefoodcoach.com.au/img/food/441.jpg
kiwi,http://www.thefoodcoach.com.au/img/food/80.jpg
kiwiberries,http://www.thefoodcoach.com.au/img/food/670.jpg
kohlrabi,http://www.thefoodcoach.com.au/img/food/81.jpg
kokam,http://www.thefoodcoach.com.au/img/food/442.jpg
kombu,http://www.thefoodcoach.com.au/img/food/349.jpg
koshihikari rice,http://www.thefoodcoach.com.au/img/food/554.jpg
kudzu,http://www.thefoodcoach.com.au/img/food/350.jpg
lamb,http://www.thefoodcoach.com.au/img/food/294.jpg
lavender flowers,http://www.thefoodcoach.com.au/img/food/443.jpg
leatherjacket,http://www.thefoodcoach.com.au/img/food/221.jpg
lecithin,http://www.thefoodcoach.com.au/img/food/546.jpg
leeks,http://www.thefoodcoach.com.au/img/food/83.jpg
lemon,http://www.thefoodcoach.com.au/img/food/84.jpg
lemon myrtle,http://www.thefoodcoach.com.au/img/food/451.jpg
lemongrass,http://www.thefoodcoach.com.au/img/food/452.jpg
lentils,http://www.thefoodcoach.com.au/img/food/85.jpg
lettuce,http://www.thefoodcoach.com.au/img/food/652.jpg
licorice,http://www.thefoodcoach.com.au/img/food/90.jpg
limes,http://www.thefoodcoach.com.au/img/food/91.jpg
longan,http://www.thefoodcoach.com.au/img/food/675.jpg
loquats,http://www.thefoodcoach.com.au/img/food/92.jpg
lotus root,http://www.thefoodcoach.com.au/img/food/542.jpg
lsa,http://www.thefoodcoach.com.au/img/food/493.jpg
lychees,http://www.thefoodcoach.com.au/img/food/93.jpg
macadamia nut,http://www.thefoodcoach.com.au/img/food/94.jpg
mace,http://www.thefoodcoach.com.au/img/food/401.jpg
mackerel,http://www.thefoodcoach.com.au/img/food/550.jpg
mahi mahi,http://www.thefoodcoach.com.au/img/food/224.jpg
mahlab,http://www.thefoodcoach.com.au/img/food/454.jpg
malt vinegar,http://www.thefoodcoach.com.au/img/food/330.jpg
mandarins,http://www.thefoodcoach.com.au/img/food/95.jpg
mango,http://www.thefoodcoach.com.au/img/food/96.jpg
mangosteens,http://www.thefoodcoach.com.au/img/food/669.jpg
maple syrup,http://www.thefoodcoach.com.au/img/food/489.jpg
margarine,http://www.thefoodcoach.com.au/img/food/384.jpg
marigold,http://www.thefoodcoach.com.au/img/food/97.jpg
marjoram,http://www.thefoodcoach.com.au/img/food/98.jpg
mastic,http://www.thefoodcoach.com.au/img/food/455.jpg
melon,http://www.thefoodcoach.com.au/img/food/99.jpg
mesclun,http://www.thefoodcoach.com.au/img/food/530.jpg
milk,http://www.thefoodcoach.com.au/img/food/376.jpg
millet,http://www.thefoodcoach.com.au/img/food/366.jpg
mint,http://www.thefoodcoach.com.au/img/food/101.jpg
mirin,http://www.thefoodcoach.com.au/img/food/351.jpg
mirror dory,http://www.thefoodcoach.com.au/img/food/225.jpg
miso,http://www.thefoodcoach.com.au/img/food/102.jpg
molasses,http://www.thefoodcoach.com.au/img/food/534.jpg
monkfish,http://www.thefoodcoach.com.au/img/food/549.jpg
morwong,http://www.thefoodcoach.com.au/img/food/226.jpg
mozzarella,http://www.thefoodcoach.com.au/img/food/275.jpg
muesli,http://www.thefoodcoach.com.au/img/food/568.jpg
mulberries,http://www.thefoodcoach.com.au/img/food/104.jpg
mullet,http://www.thefoodcoach.com.au/img/food/227.jpg
mum,http://www.thefoodcoach.com.au/img/food/623.jpg
mung beans,http://www.thefoodcoach.com.au/img/food/105.jpg
mushroom - flat,http://www.thefoodcoach.com.au/img/food/515.jpg
mussels,http://www.thefoodcoach.com.au/img/food/228.jpg
mustard,http://www.thefoodcoach.com.au/img/food/523.jpg
mustard seed,http://www.thefoodcoach.com.au/img/food/108.jpg
nashi pear,http://www.thefoodcoach.com.au/img/food/109.jpg
nasturtium,http://www.thefoodcoach.com.au/img/food/110.jpg
nectarines,http://www.thefoodcoach.com.au/img/food/111.jpg
nicole,http://www.thefoodcoach.com.au/img/food/617.jpg
nigella seed,http://www.thefoodcoach.com.au/img/food/456.jpg
nori,http://www.thefoodcoach.com.au/img/food/113.jpg
nutmeg,http://www.thefoodcoach.com.au/img/food/114.jpg
nuts,http://www.thefoodcoach.com.au/img/food/597.jpg
oatmeal,http://www.thefoodcoach.com.au/img/food/367.jpg
oats,http://www.thefoodcoach.com.au/img/food/368.jpg
oca,http://www.thefoodcoach.com.au/img/food/664.jpg
ocean perch,http://www.thefoodcoach.com.au/img/food/249.jpg
octopus,http://www.thefoodcoach.com.au/img/food/234.jpg
okra,http://www.thefoodcoach.com.au/img/food/116.jpg
olive oil,http://www.thefoodcoach.com.au/img/food/118.jpg
olives,http://www.thefoodcoach.com.au/img/food/117.jpg
omega spread,http://www.thefoodcoach.com.au/img/food/583.jpg
one life,http://www.thefoodcoach.com.au/img/food/600.jpg
onion,http://www.thefoodcoach.com.au/img/food/120.jpg
bloodorange,http://www.thefoodcoach.com.au/img/food/645.jpg
oranges,http://www.thefoodcoach.com.au/img/food/123.jpg
oregano,http://www.thefoodcoach.com.au/img/food/128.jpg
oyster sauce,http://www.thefoodcoach.com.au/img/food/545.jpg
oysters,http://www.thefoodcoach.com.au/img/food/236.jpg
packham pear,http://www.thefoodcoach.com.au/img/food/141.jpg
pandanus leaves,http://www.thefoodcoach.com.au/img/food/570.jpg
pandoro,http://www.thefoodcoach.com.au/img/food/655.jpg
panetonne,http://www.thefoodcoach.com.au/img/food/654.jpg
papaya,http://www.thefoodcoach.com.au/img/food/130.jpg
paprika,http://www.thefoodcoach.com.au/img/food/131.jpg
parmesan cheese,http://www.thefoodcoach.com.au/img/food/273.jpg
parrotfish,http://www.thefoodcoach.com.au/img/food/237.jpg
parsley,http://www.thefoodcoach.com.au/img/food/132.jpg
parsnip,http://www.thefoodcoach.com.au/img/food/133.jpg
passionfruit,http://www.thefoodcoach.com.au/img/food/134.jpg
pasta,http://www.thefoodcoach.com.au/img/food/297.jpg
peaches,http://www.thefoodcoach.com.au/img/food/137.jpg
peanuts,http://www.thefoodcoach.com.au/img/food/138.jpg
pear juice concentrate,http://www.thefoodcoach.com.au/img/food/355.jpg
pears,http://www.thefoodcoach.com.au/img/food/139.jpg
peas,http://www.thefoodcoach.com.au/img/food/143.jpg
pecan nut,http://www.thefoodcoach.com.au/img/food/144.jpg
pecorino,http://www.thefoodcoach.com.au/img/food/580.jpg
pepitas,http://www.thefoodcoach.com.au/img/food/428.jpg
pepper szechuan,http://www.thefoodcoach.com.au/img/food/458.jpg
pepperberry native,http://www.thefoodcoach.com.au/img/food/459.jpg
peppercorns,http://www.thefoodcoach.com.au/img/food/457.jpg
peppermint,http://www.thefoodcoach.com.au/img/food/145.jpg
peppers,http://www.thefoodcoach.com.au/img/food/146.jpg
persimmon,http://www.thefoodcoach.com.au/img/food/578.jpg
pine nut,http://www.thefoodcoach.com.au/img/food/147.jpg
pineapple,http://www.thefoodcoach.com.au/img/food/148.jpg
pinto beans,http://www.thefoodcoach.com.au/img/food/341.jpg
pistachio nut,http://www.thefoodcoach.com.au/img/food/149.jpg
plums,http://www.thefoodcoach.com.au/img/food/150.jpg
polenta,http://www.thefoodcoach.com.au/img/food/151.jpg
pomegranate,http://www.thefoodcoach.com.au/img/food/408.jpg
poppy seed,http://www.thefoodcoach.com.au/img/food/460.jpg
porcini mushrooms,http://www.thefoodcoach.com.au/img/food/461.jpg
pork,http://www.thefoodcoach.com.au/img/food/311.jpg
potatoes,http://www.thefoodcoach.com.au/img/food/410.jpg
prawns,http://www.thefoodcoach.com.au/img/food/314.jpg
prickly pear,http://www.thefoodcoach.com.au/img/food/659.jpg
provolone,http://www.thefoodcoach.com.au/img/food/276.jpg
prunes,http://www.thefoodcoach.com.au/img/food/153.jpg
pumpkin,http://www.thefoodcoach.com.au/img/food/154.jpg
purple carrot,http://www.thefoodcoach.com.au/img/food/613.jpg
purple rice,http://www.thefoodcoach.com.au/img/food/585.jpg
quail,http://www.thefoodcoach.com.au/img/food/315.jpg
quark,http://www.thefoodcoach.com.au/img/food/648.jpg
quince,http://www.thefoodcoach.com.au/img/food/316.jpg
quinoa,http://www.thefoodcoach.com.au/img/food/496.jpg
radicchio,http://www.thefoodcoach.com.au/img/food/398.jpg
radish,http://www.thefoodcoach.com.au/img/food/157.jpg
raisin,http://www.thefoodcoach.com.au/img/food/495.jpg
raspberry,http://www.thefoodcoach.com.au/img/food/158.jpg
red pepper,http://www.thefoodcoach.com.au/img/food/608.jpg
redfish,http://www.thefoodcoach.com.au/img/food/229.jpg
rhubarb,http://www.thefoodcoach.com.au/img/food/160.jpg
rice milk,http://www.thefoodcoach.com.au/img/food/526.jpg
rice noodles,http://www.thefoodcoach.com.au/img/food/300.jpg
rice paper,http://www.thefoodcoach.com.au/img/food/524.jpg
rice syrup,http://www.thefoodcoach.com.au/img/food/352.jpg
ricotta,http://www.thefoodcoach.com.au/img/food/277.jpg
rocket,http://www.thefoodcoach.com.au/img/food/162.jpg
rose water,http://www.thefoodcoach.com.au/img/food/529.jpg
rosemary,http://www.thefoodcoach.com.au/img/food/165.jpg
rye,http://www.thefoodcoach.com.au/img/food/492.jpg
safflower oil,http://www.thefoodcoach.com.au/img/food/469.jpg
saffron,http://www.thefoodcoach.com.au/img/food/462.jpg
sage,http://www.thefoodcoach.com.au/img/food/166.jpg
sake,http://www.thefoodcoach.com.au/img/food/508.jpg
salmon,http://www.thefoodcoach.com.au/img/food/230.jpg
sardines (pilchards),http://www.thefoodcoach.com.au/img/food/238.jpg
sausages,http://www.thefoodcoach.com.au/img/food/321.jpg
scallops,http://www.thefoodcoach.com.au/img/food/241.jpg
sea salt,http://www.thefoodcoach.com.au/img/food/356.jpg
semolina,http://www.thefoodcoach.com.au/img/food/483.jpg
sesame seed,http://www.thefoodcoach.com.au/img/food/169.jpg
shark,http://www.thefoodcoach.com.au/img/food/243.jpg
shoyu,http://www.thefoodcoach.com.au/img/food/397.jpg
silver trevally,http://www.thefoodcoach.com.au/img/food/245.jpg
silverbeet,http://www.thefoodcoach.com.au/img/food/427.jpg
slivered almonds,http://www.thefoodcoach.com.au/img/food/668.jpg
smoked trout,http://www.thefoodcoach.com.au/img/food/536.jpg
snapper,http://www.thefoodcoach.com.au/img/food/242.jpg
snowpeas,http://www.thefoodcoach.com.au/img/food/173.jpg
soba,http://www.thefoodcoach.com.au/img/food/404.jpg
sorrel,http://www.thefoodcoach.com.au/img/food/320.jpg
soupmaker,http://www.thefoodcoach.com.au/img/food/626.jpg
soy beans,http://www.thefoodcoach.com.au/img/food/174.jpg
soy sauce,http://www.thefoodcoach.com.au/img/food/360.jpg
soy sprouts,http://www.thefoodcoach.com.au/img/food/540.jpg
soymilk,http://www.thefoodcoach.com.au/img/food/588.jpg
spanner crab,http://www.thefoodcoach.com.au/img/food/231.jpg
spatchcock,http://www.thefoodcoach.com.au/img/food/656.jpg
spearmint,http://www.thefoodcoach.com.au/img/food/175.jpg
spelt,http://www.thefoodcoach.com.au/img/food/475.jpg
spinach,http://www.thefoodcoach.com.au/img/food/176.jpg
spring onions,http://www.thefoodcoach.com.au/img/food/296.jpg
squash,http://www.thefoodcoach.com.au/img/food/426.jpg
squid,http://www.thefoodcoach.com.au/img/food/244.jpg
star anise,http://www.thefoodcoach.com.au/img/food/464.jpg
star fruit,http://www.thefoodcoach.com.au/img/food/389.jpg
stevia,http://www.thefoodcoach.com.au/img/food/574.jpg
strawberries,http://www.thefoodcoach.com.au/img/food/177.jpg
strudel,http://www.thefoodcoach.com.au/img/food/628.jpg
sugar,http://www.thefoodcoach.com.au/img/food/507.jpg
sultanas,http://www.thefoodcoach.com.au/img/food/490.jpg
sumac,http://www.thefoodcoach.com.au/img/food/465.jpg
sun dried tomatoes,http://www.thefoodcoach.com.au/img/food/476.jpg
sunflower oil,http://www.thefoodcoach.com.au/img/food/370.jpg
sunflower seeds,http://www.thefoodcoach.com.au/img/food/179.jpg
swede,http://www.thefoodcoach.com.au/img/food/324.jpg
sweet chilli sauce,http://www.thefoodcoach.com.au/img/food/505.jpg
sweet potato,http://www.thefoodcoach.com.au/img/food/323.jpg
sweetcorn,http://www.thefoodcoach.com.au/img/food/182.jpg
swiss chard,http://www.thefoodcoach.com.au/img/food/279.jpg
swordfish,http://www.thefoodcoach.com.au/img/food/232.jpg
tabasco,http://www.thefoodcoach.com.au/img/food/537.jpg
table spread (see margarine),http://www.thefoodcoach.com.au/img/food/471.jpg
tahini,http://www.thefoodcoach.com.au/img/food/362.jpg
taleggio cheese,http://www.thefoodcoach.com.au/img/food/665.jpg
tamari,http://www.thefoodcoach.com.au/img/food/361.jpg
tamarillo,http://www.thefoodcoach.com.au/img/food/183.jpg
tangelo,http://www.thefoodcoach.com.au/img/food/184.jpg
tapioca,http://www.thefoodcoach.com.au/img/food/586.jpg
tarragon,http://www.thefoodcoach.com.au/img/food/185.jpg
tempeh,http://www.thefoodcoach.com.au/img/food/187.jpg
threadfin bream,http://www.thefoodcoach.com.au/img/food/214.jpg
thyme,http://www.thefoodcoach.com.au/img/food/188.jpg
tofu,http://www.thefoodcoach.com.au/img/food/189.jpg
tom yum,http://www.thefoodcoach.com.au/img/food/627.jpg
tomato,http://www.thefoodcoach.com.au/img/food/190.jpg
triticale,http://www.thefoodcoach.com.au/img/food/575.jpg
trout,http://www.thefoodcoach.com.au/img/food/538.jpg
tuna,http://www.thefoodcoach.com.au/img/food/191.jpg
turkey,http://www.thefoodcoach.com.au/img/food/284.jpg
turmeric,http://www.thefoodcoach.com.au/img/food/192.jpg
turnips (swedes),http://www.thefoodcoach.com.au/img/food/193.jpg
umeboshi,http://www.thefoodcoach.com.au/img/food/194.jpg
vanilla beans & extract,http://www.thefoodcoach.com.au/img/food/466.jpg
veal,http://www.thefoodcoach.com.au/img/food/325.jpg
vermicelli noodles,http://www.thefoodcoach.com.au/img/food/403.jpg
vinegar,http://www.thefoodcoach.com.au/img/food/328.jpg
wakame,http://www.thefoodcoach.com.au/img/food/446.jpg
walnut,http://www.thefoodcoach.com.au/img/food/195.jpg
warehou,http://www.thefoodcoach.com.au/img/food/246.jpg
wasabi,http://www.thefoodcoach.com.au/img/food/516.jpg
water,http://www.thefoodcoach.com.au/img/food/557.jpg
watercress,http://www.thefoodcoach.com.au/img/food/196.jpg
watermelon,http://www.thefoodcoach.com.au/img/food/387.jpg
wattleseed,http://www.thefoodcoach.com.au/img/food/467.jpg
wheat,http://www.thefoodcoach.com.au/img/food/363.jpg
wheatgrass juice,http://www.thefoodcoach.com.au/img/food/198.jpg
whiting,http://www.thefoodcoach.com.au/img/food/247.jpg
william pear,http://www.thefoodcoach.com.au/img/food/142.jpg
wine-red,http://www.thefoodcoach.com.au/img/food/533.jpg
wine-white,http://www.thefoodcoach.com.au/img/food/503.jpg
witlof,http://www.thefoodcoach.com.au/img/food/202.jpg
wolfberry,http://www.thefoodcoach.com.au/img/food/582.jpg
yeast,http://www.thefoodcoach.com.au/img/food/532.jpg
yellowtail kingfish,http://www.thefoodcoach.com.au/img/food/219.jpg
yoghurt,http://www.thefoodcoach.com.au/img/food/204.jpg
zucchini,http://www.thefoodcoach.com.au/img/food/206.jpg
